Keyword,Position,Previous position,Search Volume,Keyword Difficulty,CPC,URL,Traffic,Traffic (%),Traffic Cost,Competition,Number of Results,Trends,Timestamp,SERP Features by Keyword,Keyword Intents,Position Type
pro skaters place,1,1,260,28,0.35,https://proskatersplace.ca/,64,17.92,22.00,0.07,184000000,"[35,35,28,54,44,81,54,54,44,54,35,28]",2026-02-06,"Knowledge panel, Sitelinks, Video, Related searches","informational, transactional",Organic
pro skate place,1,1,170,15,0.35,https://proskatersplace.ca/,42,11.76,14.00,0.07,64900000,"[23,19,23,29,54,0,0,5,29,36,19,3]",2026-01-10,"Knowledge panel, Sitelinks, Video, Image, People also ask, Popular products, Related searches",commercial,Organic
pro skate pro,8,8,1600,23,0.61,https://proskatersplace.ca/,38,10.64,23.00,0.24,126000000,"[79,79,54,100,79,54,41,54,54,66,36,41]",2026-02-09,"Sitelinks, Video, Image, Related searches",commercial,Organic
pro skaters place,2,2,260,28,0.35,https://proskatersplace.ca/categories,34,9.52,11.00,0.07,184000000,"[35,35,28,54,44,81,54,54,44,54,35,28]",2026-02-06,"Knowledge panel, Sitelinks, Video, Related searches","informational, transactional",Organic
roller skates in toronto,2,2,390,30,0.75,https://proskatersplace.ca/,31,8.68,23.00,0.12,766000,"[0,0,5,7,79,0,54,66,0,0,0,0]",2026-02-01,"Local pack, Sitelinks, Video, Image, People also ask, Popular products, Related searches",commercial,Organic
skates,12,12,9900,29,0.22,https://proskatersplace.ca/,14,3.92,3.00,0.71,579000000,"[67,100,29,13,10,8,16,16,10,8,7,29]",2026-02-03,"Knowledge panel, Sitelinks, Video, Video Carousel, People also ask, Popular products, Related searches",commercial,Organic
pro skate place,3,3,170,15,0.35,https://proskatersplace.ca/categories,13,3.64,4.00,0.07,64900000,"[23,19,23,29,54,0,0,5,29,36,19,3]",2026-01-10,"Knowledge panel, Sitelinks, Video, Image, People also ask, Popular products, Related searches",commercial,Organic
roller skates toronto,2,2,140,36,0.29,https://proskatersplace.ca/,11,3.08,3.00,0.99,2440000,"[7,7,4,8,16,13,5,8,7,5,3,5]",2026-01-19,"Local pack, Sitelinks, Video, Image, Popular products, Related searches",commercial,Organic
roller skating toronto,12,12,1600,25,0.75,https://proskatersplace.ca/blog/roller-skating-toronto-guide,8,2.24,6.00,0.12,4530000,"[43,65,22,43,29,22,29,29,29,22,22,22]",2026-01-26,"Local pack, Sitelinks, Video, Image, Related searches",commercial,Organic
pro skates,5,5,880,31,0.36,https://proskatersplace.ca/,8,2.24,2.00,0.13,28200000,"[84,68,100,68,3,46,31,37,37,20,13,31]",2025-12-16,"Knowledge panel, Sitelinks, Video, Image, Video Carousel, Related searches",commercial,Organic
roller skates,15,15,5400,53,0.34,https://proskatersplace.ca/,8,2.24,2.00,0.98,33700000,"[36,24,36,29,29,29,24,29,24,29,8,19]",2026-01-31,"Local pack, Sitelinks, Video, Image, Video Carousel, People also ask, Popular products, Related searches",transactional,Organic
shoes for grinding,3,3,90,18,0.00,https://proskatersplace.ca/product/grind-shoes,7,1.96,0.00,0.19,27200000,"[64,100,78,78,78,0,78,50,50,50,64,78]",2026-01-09,"Image pack, Sitelinks, Video, Image, Video Carousel, People also ask, Popular products, Related searches, Discussions and forums",commercial,Organic
inline skates canada,9,9,320,21,0.34,https://proskatersplace.ca/blog/best-inline-skates-canada-2025,7,1.96,2.00,1,2530000,"[3,2,3,3,3,2,7,13,8,8,5,4]",2025-12-14,"Sitelinks, Video, Image, Popular products, Related searches",commercial,Organic
indoor roller skating toronto,7,7,320,15,0.00,https://proskatersplace.ca/blog/roller-skating-toronto-guide,7,1.96,0.00,0.19,1270000,"[81,100,54,29,44,29,19,29,36,23,23,29]",2026-01-23,"Local pack, Sitelinks, Video, Image, Related searches",commercial,Organic
pro skaters place,9,9,260,28,0.35,https://dev.proskatersplace.ca/,6,1.68,2.00,0.07,184000000,"[35,35,28,54,44,81,54,54,44,54,35,28]",2026-02-06,"Knowledge panel, Sitelinks, Video, Related searches","informational, transactional",Organic
skates toronto,3,3,140,32,0.67,https://proskatersplace.ca/,6,1.68,4.00,0.13,4600000,"[48,100,4,4,0,0,1,2,2,2,3,3]",2026-01-26,"Local pack, Sitelinks, Video, Image, Popular products, Related searches",commercial,Organic
proskatersplace,2,2,260,36,0.00,https://proskatersplace.ca/,6,1.68,0.00,0.05,1470000,"[16,16,16,13,24,36,1,20,36,20,16,20]",2025-12-26,"Knowledge panel, Sitelinks, Video, Image, Related searches",navigational,Organic
toronto roller skating rink,7,7,260,,0.00,https://proskatersplace.ca/blog/roller-skating-toronto-guide,5,1.4,0.00,0.09,1050000,"[66,66,29,54,36,15,19,12,36,23,15,23]",2026-01-24,"Local pack, Sitelinks, Video, Image, Related searches",commercial,Organic
inline skates toronto,3,3,90,14,0.26,https://proskatersplace.ca/,5,1.4,1.00,0.81,1520000,"[6,9,9,6,15,19,19,19,15,15,15,5]",2025-12-24,"Local pack, Sitelinks, Video, Image, People also ask, Popular products, Related searches",commercial,Organic
proskaters place,2,2,170,35,0.00,https://proskatersplace.ca/,4,1.12,0.00,0.1,1500000,"[12,29,29,5,12,12,29,36,23,29,36,23]",2025-12-01,"Knowledge panel, Sitelinks, Video, Image, Related searches",navigational,Organic
roller skating in toronto,7,7,260,30,0.75,https://proskatersplace.ca/blog/roller-skating-toronto-guide,3,0.84,2.00,0.12,4690000,"[29,7,54,19,67,81,12,23,12,12,4,15]",2026-01-26,"Local pack, Sitelinks, Video, Image, People also ask, Related searches",commercial,Organic
toronto roller skates,4,6,70,36,0.00,https://proskatersplace.ca/,3,0.84,0.00,0.16,722000,"[66,100,66,66,66,9,9,9,9,9,9,9]",2026-02-10,"Local pack, Sitelinks, Video, Image, Video Carousel, Popular products, Related searches",commercial,Organic
pro skaters,3,3,70,28,0.61,https://proskatersplace.ca/,3,0.84,1.00,0.24,194000000,"[5,5,29,4,2,5,2,6,5,54,4,6]",2026-01-18,"Image pack, Sitelinks, Video, Image, Video Carousel, People also ask, Related searches, AI overview","commercial, informational",Organic
grind shoes,6,6,110,26,0.00,https://proskatersplace.ca/product/grind-shoes,2,0.56,0.00,0.05,61300000,"[12,12,29,15,15,15,23,19,15,12,15,15]",2025-12-26,"Image pack, Sitelinks, Video, Image, Video Carousel, People also ask, Popular products, Related searches",commercial,Organic
roller skating toronto indoor,6,6,90,28,0.00,https://proskatersplace.ca/blog/roller-skating-toronto-guide,2,0.56,0.00,0.22,1280000,"[22,35,22,29,22,14,4,10,10,10,8,14]",2026-02-02,"Local pack, Video, Image, Related searches",commercial,Organic
inline skates versus roller skates,5,5,320,7,0.32,https://proskatersplace.ca/blog/inline-skates-vs-roller-skates,2,0.56,0.00,0.3,2500000,"[54,66,54,81,100,81,54,44,44,35,23,0]",2026-01-26,"Image pack, Sitelinks, Video, Video Carousel, People also ask, Related searches, Discussions and forums, AI overview",commercial,Organic
roller skate shops near me,5,5,110,48,0.82,https://proskatersplace.ca/,2,0.56,1.00,0.92,5210000,"[19,15,26,34,26,34,53,80,53,53,42,42]",2025-12-23,"Local pack, Sitelinks, People also ask, Related searches",transactional,Organic
shoe grind,3,3,110,24,0.00,https://proskatersplace.ca/product/grind-shoes,2,0.56,0.00,0.19,16800000,"[42,66,52,52,52,33,52,33,33,52,42,52]",2026-01-17,"Image pack, Sitelinks, Video, Image, Video Carousel, People also ask, Popular products, Related searches",commercial,Organic
skate shop toronto canada,13,13,590,51,0.25,https://proskatersplace.ca/,2,0.56,0.00,0.83,3860000,"[54,54,36,67,67,100,100,36,54,81,54,54]",2026-01-16,"Local pack, Sitelinks, Video, Image, Related searches",commercial,Organic
rollerskating toronto,9,9,210,22,0.92,https://proskatersplace.ca/blog/roller-skating-toronto-guide,2,0.56,1.00,0.09,1030000,"[2,11,5,52,7,5,2,2,7,11,7,5]",2026-01-01,"Local pack, Sitelinks, Video, Image, Related searches",commercial,Organic
proskatersplace,6,6,260,36,0.00,https://proskatersplace.ca/categories,2,0.56,0.00,0.05,1470000,"[16,16,16,13,24,36,1,20,36,20,16,20]",2025-12-26,"Knowledge panel, Sitelinks, Video, Image, Related searches",navigational,Organic
skates inline skates,24,24,1900,17,0.33,https://proskatersplace.ca/,2,0.56,0.00,0.9,18100000,"[36,36,43,100,65,43,36,36,36,43,20,20]",2026-02-07,"Sitelinks, Video, Image, People also ask, Popular products, Related searches",commercial,Organic
roller skates canada,15,15,320,16,0.21,https://proskatersplace.ca/,1,0.28,0.00,1,6090000,"[0,1,1,1,1,1,2,1,1,1,1,0]",2025-12-08,"Sitelinks, Video, Image, Popular products, Related searches",commercial,Organic
roller skating toronto,33,33,1600,25,0.75,https://proskatersplace.ca/,1,0.28,0.00,0.12,4530000,"[43,65,22,43,29,22,29,29,29,22,22,22]",2026-01-26,"Local pack, Sitelinks, Video, Image, Related searches",commercial,Organic
roller skate etobicoke,5,5,70,31,0.00,https://proskatersplace.ca/,1,0.28,0.00,0.02,25100,"[34,53,34,34,26,19,7,19,19,19,19,26]",2026-01-14,"Local pack, Sitelinks, Video, Image, Popular products, Related searches",commercial,Organic
inline skates,32,32,1900,18,0.33,https://proskatersplace.ca/blog/best-inline-skates-canada-2025,1,0.28,0.00,0.9,18100000,"[15,10,10,19,15,23,8,13,13,15,13,15]",2026-02-08,"Sitelinks, Video, Image, People also ask, Popular products, Related searches",commercial,Organic
aggressive inline skates canada,9,9,50,6,0.24,https://proskatersplace.ca/product-category/inline-skates,1,0.28,0.00,1,286000,"[10,8,4,4,10,10,10,22,22,4,8,4]",2025-12-19,"Knowledge panel, Sitelinks, Video, Image, Popular products, Related searches",informational,Organic
house skates,14,14,1000,18,0.16,https://proskatersplace.ca/,1,0.28,0.00,0.04,26700000,"[1,0,0,0,0,0,52,66,66,52,16,52]",2026-02-03,"Knowledge panel, Sitelinks, Video, Video Carousel, People also ask, Popular products, Related searches",transactional,Organic
inline skate shop,66,66,50,34,0.25,https://proskatersplace.ca/categories,0,0,0.00,0.88,6900000,"[7,15,15,19,26,53,26,26,7,7,7,7]",2026-01-09,"Local pack, Sitelinks, Video, Image, Popular products, Related searches",commercial,Organic
skate shop toronto,17,17,210,52,0.20,https://proskatersplace.ca/,0,0,0.00,0.59,12400000,"[10,13,4,13,13,3,16,20,16,20,20,20]",2026-01-01,"Local pack, Sitelinks, Video, Image, Related searches",commercial,Organic
roller skate shop,19,19,110,47,0.19,https://proskatersplace.ca/,0,0,0.00,0.77,21400000,"[18,18,8,18,23,28,23,35,28,18,8,15]",2026-01-22,"Local pack, Sitelinks, Image, Related searches",commercial,Organic
roller skates canada,63,63,320,16,0.21,https://test.proskatersplace.ca/blog/where-to-buy-roller-skates-near-me-canada,0,0,0.00,1,6090000,"[0,1,1,1,1,1,2,1,1,1,1,0]",2025-12-08,"Sitelinks, Video, Image, Popular products, Related searches",commercial,Organic
professional skate goalie centre,61,61,390,32,0.00,https://proskatersplace.ca/,0,0,0.00,0.09,842000,"[100,81,100,81,54,66,54,35,35,100,81,81]",2026-01-06,"Knowledge panel, Sitelinks, Video, Image, Video Carousel, People also ask, Related searches","navigational, transactional",Organic
roler skates,70,70,90,44,0.00,https://proskatersplace.ca/blog/roller-skates-toronto,0,0,0.00,0.58,31600000,"[1,0,15,19,2,36,12,5,4,29,5,23]",2025-12-23,"Local pack, Sitelinks, Video, Image, People also ask, Popular products, Related searches",commercial,Organic
roller skate store near me,18,18,70,,0.34,https://proskatersplace.ca/,0,0,0.00,0.87,26100000,"[19,33,19,9,42,42,42,42,66,33,19,23]",2026-02-05,"Local pack, Sitelinks, Video, People also ask, Related searches",transactional,Organic
men's roller skates,78,78,140,22,0.00,https://proskatersplace.ca/,0,0,0.00,0,7010000,"[1,15,28,15,15,15,15,23,23,23,44,54]",2026-01-28,"Local pack, Sitelinks, Video, Image, Popular products, Related searches, Discussions and forums",commercial,Organic
rollerblades ca,22,22,50,48,0.34,https://proskatersplace.ca/,0,0,0.00,1,12400000,"[1,0,0,1,0,0,2,0,2,0,0,1]",2025-12-12,"Sitelinks, Video, Image, Ads bottom, Video Carousel, People also ask, Popular products",navigational,Organic
firefly inline skates,38,38,50,11,0.00,https://proskatersplace.ca/product-category/inline-skates,0,0,0.00,0.4,274000,"[10,5,7,7,17,23,23,28,28,5,5,5]",2025-12-24,"Image pack, Sitelinks, Video, Video Carousel, People also ask, Popular products, Related searches","informational, transactional",Organic
buy skates,66,66,110,21,0.31,https://proskatersplace.ca/categories,0,0,0.00,1,49200000,"[44,54,23,9,5,4,2,5,6,6,6,12]",2026-01-12,"Local pack, Sitelinks, Video, Image, Popular products, Related searches",transactional,Organic
pro skaters place,50,50,260,28,0.35,https://proskatersplace.ca/contact,0,0,0.00,0.07,184000000,"[35,35,28,54,44,81,54,54,44,54,35,28]",2026-02-06,"Knowledge panel, Sitelinks, Video, Related searches","informational, transactional",Organic
pro skaters place,73,73,260,28,0.35,https://proskatersplace.ca/blog,0,0,0.00,0.07,184000000,"[35,35,28,54,44,81,54,54,44,54,35,28]",2026-02-06,"Knowledge panel, Sitelinks, Video, Related searches","informational, transactional",Organic
pro skaters place,81,81,260,28,0.35,https://proskatersplace.ca/blog,0,0,0.00,0.07,184000000,"[35,35,28,54,44,81,54,54,44,54,35,28]",2026-02-06,"Knowledge panel, Sitelinks, Video, Related searches","informational, transactional",Organic
skatepro.ca,25,25,70,5,3.24,https://proskatersplace.ca/,0,0,0.00,1,2330000,"[0,7,5,10,13,0,0,0,0,0,0,0]",2026-01-28,"Sitelinks, Video, Image, People also ask, Popular products","navigational, transactional",Organic
skatepro.ca,57,57,70,5,3.24,https://proskatersplace.ca/,0,0,0.00,1,2330000,"[0,7,5,10,13,0,0,0,0,0,0,0]",2026-01-28,"Sitelinks, Video, Image, People also ask, Popular products","navigational, transactional",Organic
roller skates sale,16,16,90,19,0.31,https://proskatersplace.ca/product-category/roller-skates,0,0,0.00,1,15900000,"[0,0,2,5,53,100,53,17,5,2,2,5]",2025-12-15,"Sitelinks, Video, Image, Popular products, Related searches",transactional,Organic
skate store toronto,21,21,210,54,0.25,https://proskatersplace.ca/,0,0,0.00,0.83,7030000,"[54,54,36,23,7,15,10,7,29,10,15,10]",2026-01-24,"Local pack, Sitelinks, Image, Related searches",commercial,Organic
skate accessories,72,72,50,13,0.29,https://proskatersplace.ca/categories,0,0,0.00,1,60900000,"[18,11,3,3,3,3,3,8,11,15,11,11]",2026-01-25,"Sitelinks, Video, Image, Popular products, Related searches",commercial,Organic
pro place,9,9,70,37,0.00,https://proskatersplace.ca/,0,0,0.00,0.04,4030000000,"[18,100,81,63,81,63,63,63,63,18,63,45]",2025-12-15,"Sitelinks, Video, Image, Video Carousel, Related searches, AI overview",informational,Organic
inline skates in,24,24,140,23,0.00,https://proskatersplace.ca/,0,0,0.00,0.43,19300000,"[42,53,53,42,53,80,65,53,26,53,53,42]",2025-12-30,"Sitelinks, Video, Image, Video Carousel, People also ask, Popular products, Related searches, AI overview",commercial,Organic
inline skates in,88,88,140,23,0.00,https://proskatersplace.ca/blog/best-inline-skates-canada-2025,0,0,0.00,0.43,19300000,"[42,53,53,42,53,80,65,53,26,53,53,42]",2025-12-30,"Sitelinks, Video, Image, Video Carousel, People also ask, Popular products, Related searches, AI overview",commercial,Organic
roller rinks in toronto,16,16,260,37,0.00,https://proskatersplace.ca/blog/roller-skating-toronto-guide,0,0,0.00,0.09,97400,"[66,66,36,44,54,23,29,12,36,23,15,44]",2026-02-01,"Local pack, Sitelinks, Video, Image, People also ask, Related searches",commercial,Organic
skates near me,30,30,390,49,0.44,https://proskatersplace.ca/,0,0,0.00,0.24,31800000,"[0,0,3,30,100,16,5,20,2,2,3,4]",2025-12-17,"Local pack, Sitelinks, Image, Popular products, Related searches, See results about",transactional,Organic
inline skates vs roller skates,44,44,320,8,0.32,https://proskatersplace.ca/blog/inline-skates-vs-roller-skates,0,0,0.00,0.3,11100000,"[54,66,35,28,100,100,54,54,54,28,23,28]",2026-01-09,"Sitelinks, Video, Video Carousel, People also ask, Related searches, Short videos, Discussions and forums, AI overview",commercial,Organic
inline skates vs roller skates,47,47,320,8,0.32,https://proskatersplace.ca/blog/inline-skates-vs-roller-skates,0,0,0.00,0.3,11100000,"[54,66,35,28,100,100,54,54,54,28,23,28]",2026-01-09,"Sitelinks, Video, Video Carousel, People also ask, Related searches, Short videos, Discussions and forums, AI overview",commercial,Organic
adult roller skates,29,29,140,19,0.29,https://proskatersplace.ca/,0,0,0.00,1,14000000,"[18,35,54,54,35,29,22,22,22,22,22,29]",2026-02-01,"Sitelinks, Video, Image, Video Carousel, People also ask, Popular products, Related searches, Discussions and forums",transactional,Organic
inline skates roller,90,90,140,17,0.30,https://proskatersplace.ca/blog/inline-skates-vs-roller-skates,0,0,0.00,1,13200000,"[35,28,23,35,23,35,66,100,28,2,23,28]",2025-12-18,"Sitelinks, Video, Image, Video Carousel, Popular products, Related searches",commercial,Organic
sport chek inline skates,34,34,170,18,0.37,https://proskatersplace.ca/blog/where-to-buy-roller-skates-near-me-canada,0,0,0.00,1,57800,"[23,18,15,54,44,35,35,28,28,18,15,18]",2026-01-24,"Sitelinks, Video, Image, People also ask, Popular products, Related searches","navigational, transactional",Organic
buy roller skates,52,52,70,47,0.41,https://proskatersplace.ca/where-to-buy-roller-skates-near-me-canada,0,0,0.00,1,30300000,"[10,10,14,14,14,18,14,22,14,22,4,4]",2026-01-02,"Local pack, Sitelinks, Video, Image, People also ask, Popular products, Related searches",transactional,Organic
inline skating parts,50,50,70,12,0.00,https://proskatersplace.ca/categories,0,0,0.00,0.62,5220000,"[10,10,10,10,10,10,10,10,22,29,14,14]",2025-12-30,"Sitelinks, Video, Image, Video Carousel, Popular products, Related searches","informational, transactional",Organic
roller skate scooter,6,6,140,14,0.00,https://proskatersplace.ca/product-category/trick-scooters,0,0,0.00,0.33,10500000,"[64,100,82,100,82,100,82,41,52,82,82,11]",2026-02-02,"Knowledge panel, Image pack, Video, Image, Video Carousel, People also ask, Popular products, Related searches",informational,Organic
next inline,9,9,70,22,0.00,https://proskatersplace.ca/product/powerslide-next-multicolor-80-inline-skates,0,0,0.00,0.02,579000000,"[52,52,41,41,0,52,0,41,64,52,52,41]",2026-01-16,"Video, People also ask, Related searches",informational,Organic
roller skates to buy,71,71,90,46,0.31,https://proskatersplace.ca/blog/where-to-buy-roller-skates-near-me-canada,0,0,0.00,1,34600000,"[82,100,35,17,10,0,0,10,12,12,12,23]",2026-01-22,"Local pack, Sitelinks, Video, Image, People also ask, Popular products, Related searches, Discussions and forums",transactional,Organic
undercover canada,85,85,170,14,0.00,https://proskatersplace.ca/product/undercover-vortex-68mm-88a-wheels,0,0,0.00,0,19900000,"[53,53,35,35,100,35,35,43,35,35,35,43]",2025-12-16,"Sitelinks, Video, People also ask, Related searches, See results about",informational,Organic
patines near me,77,77,170,42,0.00,https://proskatersplace.ca/blog/roller-skates-toronto,0,0,0.00,0.07,17300000,"[18,81,81,54,28,8,8,3,8,11,18,15]",2026-01-05,"Local pack, Sitelinks, Video, People also ask, Popular products, Related searches",transactional,Organic
toronto skate shops,35,35,140,47,0.25,https://proskatersplace.ca/,0,0,0.00,0.83,13900000,"[5,1,0,12,29,100,5,10,10,10,23,4]",2026-01-26,"Local pack, Sitelinks, Video, Image, Related searches",commercial,Organic
roller skat,78,78,70,41,0.38,https://proskatersplace.ca/blog/roller-skates-toronto,0,0,0.00,0.48,37800000,"[0,0,54,0,0,0,1,0,1,100,0,0]",2025-12-14,"Image pack, Sitelinks, Video, Image, Popular products, Related searches","informational, transactional",Organic
women roller skates,63,63,110,22,0.30,https://proskatersplace.ca/product-category/roller-skates,0,0,0.00,1,18000000,"[35,35,35,35,10,10,66,10,10,23,23,23]",2025-12-21,"Local pack, Sitelinks, Video, Image, Video Carousel, Popular products, Related searches, Discussions and forums",commercial,Organic
sportchek rollerblades,26,26,170,24,0.37,https://proskatersplace.ca/blog/best-inline-skates-canada-2025,0,0,0.00,1,5340,"[23,18,0,15,100,54,35,28,23,15,15,15]",2026-01-16,"Image pack, Sitelinks, Video, Image, People also ask, Popular products, Related searches",transactional,Organic
roller skating toronto,75,75,1600,25,0.75,https://proskatersplace.ca/blog/roller-skates-toronto,0,0,0.00,0.12,4530000,"[43,65,22,43,29,22,29,29,29,22,22,22]",2026-01-26,"Local pack, Sitelinks, Video, Image, Related searches",commercial,Organic
roller skating in toronto,94,94,260,30,0.75,https://proskatersplace.ca/,0,0,0.00,0.12,4690000,"[29,7,54,19,67,81,12,23,12,12,4,15]",2026-01-26,"Local pack, Sitelinks, Video, Image, People also ask, Related searches",commercial,Organic
indoor rollerblading,43,43,70,34,0.00,https://proskatersplace.ca/blog/roller-skates-toronto,0,0,0.00,0.11,6850000,"[29,35,6,22,2,10,4,10,14,14,14,0]",2026-01-24,"Local pack, Sitelinks, Video, Popular products, Related searches",commercial,Organic
roller skates in toronto,45,45,390,30,0.75,https://proskatersplace.ca/blog/roller-skates-toronto,0,0,0.00,0.12,766000,"[0,0,5,7,79,0,54,66,0,0,0,0]",2026-02-01,"Local pack, Sitelinks, Video, Image, People also ask, Popular products, Related searches",commercial,Organic
roller skates in toronto,93,93,390,30,0.75,https://proskatersplace.ca/blog/roller-skating-toronto-guide,0,0,0.00,0.12,766000,"[0,0,5,7,79,0,54,66,0,0,0,0]",2026-02-01,"Local pack, Sitelinks, Video, Image, People also ask, Popular products, Related searches",commercial,Organic
roller skate etobicoke,72,72,70,31,0.00,https://proskatersplace.ca/contact,0,0,0.00,0.02,25100,"[34,53,34,34,26,19,7,19,19,19,19,26]",2026-01-14,"Local pack, Sitelinks, Video, Image, Popular products, Related searches",commercial,Organic
rollerblading rink toronto,12,12,320,29,0.00,https://proskatersplace.ca/blog/roller-skating-toronto-guide,0,0,0.00,0.09,124000,"[100,100,66,100,81,54,43,29,54,54,35,54]",2026-01-27,"Knowledge panel, Sitelinks, Video, Image, People also ask, Related searches",informational,Organic
sport expert rollerblade,48,48,70,18,0.51,https://proskatersplace.ca/blog/best-inline-skates-canada-2025,0,0,0.00,0.95,271000,"[12,6,6,21,34,65,43,28,28,21,12,12]",2026-01-18,"Sitelinks, Video, Image, Popular products, Related searches","navigational, transactional",Organic
toronto roller skates,29,57,70,36,0.00,https://proskatersplace.ca/blog/roller-skating-toronto-guide,0,0,0.00,0.16,722000,"[66,100,66,66,66,9,9,9,9,9,9,9]",2026-02-10,"Local pack, Sitelinks, Video, Image, Video Carousel, Popular products, Related searches",commercial,Organic
toronto roller skates,46,27,70,36,0.00,https://proskatersplace.ca/blog/roller-skates-toronto,0,0,0.00,0.16,722000,"[66,100,66,66,66,9,9,9,9,9,9,9]",2026-02-10,"Local pack, Sitelinks, Video, Image, Video Carousel, Popular products, Related searches",commercial,Organic
where to purchase roller skates,19,19,110,45,0.29,https://proskatersplace.ca/,0,0,0.00,1,8020000,"[26,53,53,26,53,53,53,53,42,34,26,26]",2025-12-24,"Local pack, Sitelinks, Video, Image, People also ask, Related searches",transactional,Organic
where to purchase roller skates,56,56,110,45,0.29,https://test.proskatersplace.ca/blog/where-to-buy-roller-skates-near-me-canada,0,0,0.00,1,8020000,"[26,53,53,26,53,53,53,53,42,34,26,26]",2025-12-24,"Local pack, Sitelinks, Video, Image, People also ask, Related searches",transactional,Organic
skating pros,38,38,480,28,2.53,https://proskatersplace.ca/,0,0,0.00,0.85,109000000,"[36,29,29,54,67,100,36,36,54,67,44,54]",2026-02-03,"Local pack, Sitelinks, Video, Image, Video Carousel, People also ask, Related searches, See results about, AI overview","informational, transactional",Organic
professional skates,84,84,140,32,0.51,https://proskatersplace.ca/categories,0,0,0.00,0.17,37000000,"[0,62,2,1,2,1,16,6,0,1,2,1]",2025-12-27,"Knowledge panel, Sitelinks, Video, Video Carousel, Popular products, Related searches",navigational,Organic
rollerblades best,64,64,70,17,0.40,https://proskatersplace.ca/blog/best-inline-skates-canada-2025,0,0,0.00,1,17700000,"[28,21,35,35,78,78,78,78,78,14,14,14]",2025-12-27,"Sitelinks, Video, Video Carousel, People also ask, Popular products, Related searches, Discussions and forums",commercial,Organic
fixation nnn,80,80,70,6,0.35,https://proskatersplace.ca/product/rottefella-nnn-exercise-skate-nis-ski-bindings,0,0,0.00,0.89,275000,"[35,35,29,8,4,4,4,4,4,4,4,29]",2026-01-23,"Image pack, Sitelinks, Video, People also ask, Related searches, AI overview",informational,Organic
nerd roller skates,62,62,260,35,0.00,https://proskatersplace.ca/categories,0,0,0.00,0.1,318000,"[23,23,29,29,29,36,44,29,44,36,36,23]",2025-12-28,"Knowledge panel, Sitelinks, Video, People also ask, Related searches",navigational,Organic
ladies roller skates,58,58,170,18,0.29,https://proskatersplace.ca/product-category/roller-skates,0,0,0.00,0.99,2860000,"[35,35,35,35,35,35,66,53,35,35,43,35]",2025-12-13,"Sitelinks, Video, Image, People also ask, Popular products, Related searches, Discussions and forums","informational, transactional",Organic
grind shoes,7,7,110,26,0.00,https://proskatersplace.ca/product/grind-shoes,0,0,0.00,0.05,61300000,"[12,12,29,15,15,15,23,19,15,12,15,15]",2025-12-26,"Image pack, Sitelinks, Video, Image, Video Carousel, People also ask, Popular products, Related searches",commercial,Image pack
grind shoes,7,7,110,26,0.00,https://proskatersplace.ca/product/epic-stomper-grind-shoes,0,0,0.00,0.05,61300000,"[12,12,29,15,15,15,23,19,15,12,15,15]",2025-12-26,"Image pack, Sitelinks, Video, Image, Video Carousel, People also ask, Popular products, Related searches",commercial,Image pack
grind shoes,58,58,110,26,0.00,https://dev.proskatersplace.ca/product/epic-hype-grind-shoes,0,0,0.00,0.05,61300000,"[12,12,29,15,15,15,23,19,15,12,15,15]",2025-12-26,"Image pack, Sitelinks, Video, Image, Video Carousel, People also ask, Popular products, Related searches",commercial,Organic
inline skates,48,48,1900,18,0.33,https://proskatersplace.ca/blog/best-inline-skates-canada-2025,0,0,0.00,0.9,18100000,"[15,10,10,19,15,23,8,13,13,15,13,15]",2026-02-08,"Sitelinks, Video, Image, People also ask, Popular products, Related searches",commercial,Organic
fischer skate skis,54,54,70,10,0.53,https://dev.proskatersplace.ca/product/fischer-scs-skate-ifp-cross-country-skis,0,0,0.00,1,1150000,"[42,80,100,42,19,7,7,7,7,11,11,15]",2026-01-03,"Sitelinks, Video, Image, Popular products, Related searches","commercial, navigational",Organic
skateboard shop toronto,56,56,320,51,0.23,https://proskatersplace.ca/,0,0,0.00,0.75,1890000,"[8,7,24,7,10,13,13,10,10,10,16,20]",2026-01-02,"Local pack, Sitelinks, Video, Image, Related searches",commercial,Organic
scooter roller,92,92,70,47,0.00,https://dev.proskatersplace.ca/product-category/scooters,0,0,0.00,0.26,71500000,"[54,54,35,0,0,0,0,1,0,0,1,3]",2025-12-27,"Knowledge panel, Image pack, Sitelinks, Video, Video Carousel, People also ask, Popular products, Related searches",informational,Organic
inline vs roller skates,10,10,320,9,0.32,https://proskatersplace.ca/blog/inline-skates-vs-roller-skates,0,0,0.00,0.3,10200000,"[44,54,54,81,100,81,54,44,54,35,23,35]",2026-02-07,"Sitelinks, Video, Video Carousel, People also ask, Related searches, Discussions and forums, AI overview","commercial, informational",Organic
roller skate roller skate,15,15,590,6,0.38,https://proskatersplace.ca/product-category/roller-skates,0,0,0.00,0.48,29900000,"[0,0,0,0,0,0,0,0,0,0,100,29]",2025-12-16,"Sitelinks, Video, Image, Video Carousel, Popular products, Related searches, AI overview",commercial,Organic
best inline roller skates,35,35,70,12,0.40,https://proskatersplace.ca/blog/best-inline-skates-2025,0,0,0.00,1,8890000,"[15,11,19,19,34,42,42,42,42,7,7,7]",2026-01-05,"Sitelinks, Video, Image, Video Carousel, Popular products, Related searches, Discussions and forums",commercial,Organic
inline & roller skates,70,70,70,14,0.29,https://proskatersplace.ca/blog/inline-skates-vs-roller-skates,0,0,0.00,0.96,14500000,"[0,35,35,50,64,50,50,78,100,64,28,35]",2026-01-19,"Sitelinks, Video, Image, Video Carousel, People also ask, Popular products, Related searches, AI overview",transactional,Organic
toronto skateboard shops,55,55,140,50,0.23,https://proskatersplace.ca/,0,0,0.00,0.75,2260000,"[2,0,66,0,8,8,66,22,100,43,35,29]",2025-12-23,"Local pack, Sitelinks, Video, Image, Related searches",commercial,Organic
womens roller skates,72,72,90,17,0.29,https://proskatersplace.ca/product-category/roller-skates,0,0,0.00,0.99,16500000,"[8,11,11,3,3,5,15,23,23,35,28,5]",2025-12-12,"Sitelinks, Video, Image, Popular products, Related searches, Discussions and forums",commercial,Organic
rollerskating,44,44,720,50,0.38,https://proskatersplace.ca/blog/roller-skating-toronto-guide,0,0,0.00,0.48,36000000,"[24,30,24,20,54,30,41,41,16,20,24,16]",2025-12-09,"Knowledge panel, Sitelinks, Video, Image, Video Carousel, Related searches",informational,Organic
inline skates near me,12,12,90,17,0.35,https://proskatersplace.ca/where-to-buy-roller-skates-near-me-canada,0,0,0.00,0.57,13900000,"[19,19,19,19,42,53,65,53,53,42,34,34]",2025-12-27,"Local pack, Sitelinks, Video, Image, People also ask, Popular products, Related searches",transactional,Organic
roller sket,37,37,50,19,0.50,https://proskatersplace.ca/,0,0,0.00,0.61,37600000,"[0,0,0,0,0,0,0,0,100,0,0,0]",2026-01-07,"Image pack, Sitelinks, Video, Image, People also ask, Popular products, Related searches","informational, transactional",Organic
roller sket,69,69,50,19,0.50,https://proskatersplace.ca/blog/roller-skating-toronto-guide,0,0,0.00,0.61,37600000,"[0,0,0,0,0,0,0,0,100,0,0,0]",2026-01-07,"Image pack, Sitelinks, Video, Image, People also ask, Popular products, Related searches","informational, transactional",Organic
pro scooter,78,78,390,23,0.31,https://proskatersplace.ca/product-category/trick-scooters,0,0,0.00,0.99,305000000,"[24,16,13,6,20,76,10,24,16,55,76,10]",2026-01-24,"Sitelinks, Video, Image, Popular products, Related searches",commercial,Organic
k2 rollerblades canada,44,44,50,13,0.30,https://proskatersplace.ca/blog/best-inline-skates-canada-2025,0,0,0.00,1,217000,"[5,5,3,2,6,8,8,1,1,1,1,1]",2025-12-26,"Sitelinks, Video, Image, Popular products, Related searches",transactional,Organic
pro skate place,58,58,170,15,0.35,https://proskatersplace.ca/contact,0,0,0.00,0.07,64900000,"[23,19,23,29,54,0,0,5,29,36,19,3]",2026-01-10,"Knowledge panel, Sitelinks, Video, Image, People also ask, Popular products, Related searches",commercial,Organic
proskate,8,8,480,38,0.52,https://proskatersplace.ca/,0,0,0.00,0.09,1680000,"[30,7,20,24,20,24,16,10,24,20,24,24]",2026-01-19,"Local pack, Sitelinks, Video, Image, Video Carousel, Related searches, See results about",navigational,Organic
sport chek roller blades,25,25,170,23,0.32,https://proskatersplace.ca/blog/where-to-buy-roller-skates-near-me-canada,0,0,0.00,1,10500,"[16,10,3,16,24,36,13,24,8,8,3,6]",2026-02-04,"Image pack, Sitelinks, Video, Image, People also ask, Popular products, Related searches","navigational, transactional",Organic
rollerskates canada,12,12,90,25,0.31,https://proskatersplace.ca/,0,0,0.00,1,5200000,"[11,11,15,18,15,54,15,8,8,8,18,8]",2026-02-01,"Sitelinks, Video, Image, Popular products, Related searches",commercial,Organic
rollerskates canada,37,37,90,25,0.31,https://proskatersplace.ca/blog/where-to-buy-roller-skates-near-me-canada,0,0,0.00,1,5200000,"[11,11,15,18,15,54,15,8,8,8,18,8]",2026-02-01,"Sitelinks, Video, Image, Popular products, Related searches",commercial,Organic
solo inline,35,35,590,32,0.41,https://proskatersplace.ca/product-category/inline-skates,0,0,0.00,1,74300000,"[72,48,48,39,39,32,59,72,100,88,88,72]",2025-12-20,"Local pack, Sitelinks, Video, People also ask, Related searches, See results about",navigational,Organic
solo inline,36,36,590,32,0.41,https://proskatersplace.ca/product-category/inline-skates,0,0,0.00,1,74300000,"[72,48,48,39,39,32,59,72,100,88,88,72]",2025-12-20,"Local pack, Sitelinks, Video, People also ask, Related searches, See results about",navigational,Organic
solo inline,47,47,590,32,0.41,https://proskatersplace.ca/product-category/inline-skates,0,0,0.00,1,74300000,"[72,48,48,39,39,32,59,72,100,88,88,72]",2025-12-20,"Local pack, Sitelinks, Video, People also ask, Related searches, See results about",navigational,Organic
roller blades sport chek,17,17,110,23,0.05,https://proskatersplace.ca/where-to-buy-roller-skates-near-me-canada,0,0,0.00,1,16000,"[8,0,8,8,28,54,28,28,28,35,11,6]",2025-12-28,"Image pack, Sitelinks, Video, Image, Ads bottom, People also ask, Popular products, Related searches",navigational,Organic
enuff,33,33,140,59,0.00,https://proskatersplace.ca/product/enuff-flash-red-orange-skateboard,0,0,0.00,0,2270000,"[33,52,42,52,66,66,52,80,66,66,66,100]",2026-01-10,"Knowledge panel, Sitelinks, Video, Image, Video Carousel, People also ask, Popular products, Related searches, AI overview","commercial, informational",Organic
stores with roller skates,48,48,90,,0.30,https://proskatersplace.ca/blog/where-to-buy-roller-skates-near-me-canada,0,0,0.00,0.73,28000000,"[28,28,34,15,43,43,43,43,43,43,0,0]",2026-01-03,"Local pack, Sitelinks, Video, Image, People also ask, Popular products, Related searches",commercial,Organic
rollerblading toronto,16,16,260,32,0.00,https://proskatersplace.ca/blog/roller-skating-toronto-guide,0,0,0.00,0.19,397000,"[25,16,8,20,13,16,11,13,11,7,7,5]",2026-01-22,"Local pack, Video, Image, Related searches",commercial,Organic
rollerblading toronto,25,25,260,32,0.00,https://proskatersplace.ca/blog/roller-skating-toronto-guide,0,0,0.00,0.19,397000,"[25,16,8,20,13,16,11,13,11,7,7,5]",2026-01-22,"Local pack, Video, Image, Related searches",commercial,Organic
rollerblading toronto,75,75,260,32,0.00,https://proskatersplace.ca/,0,0,0.00,0.19,397000,"[25,16,8,20,13,16,11,13,11,7,7,5]",2026-01-22,"Local pack, Video, Image, Related searches",commercial,Organic
where can i buy roller skates,19,19,110,32,0.30,https://proskatersplace.ca/,0,0,0.00,0.68,33100000,"[19,15,9,19,19,19,15,12,12,9,9,12]",2026-01-26,"Local pack, Sitelinks, Video, Image, People also ask, Popular products, Related searches",transactional,Organic
where can i buy roller skates,37,37,110,32,0.30,https://proskatersplace.ca/blog/where-to-buy-roller-skates-near-me-canada,0,0,0.00,0.68,33100000,"[19,15,9,19,19,19,15,12,12,9,9,12]",2026-01-26,"Local pack, Sitelinks, Video, Image, People also ask, Popular products, Related searches",transactional,Organic
rollers skating,59,59,50,47,0.34,https://proskatersplace.ca/blog/roller-skating-toronto-guide,0,0,0.00,0.98,4730000,"[0,1,0,0,0,0,0,100,0,1,0,0]",2026-01-19,"Local pack, Sitelinks, Video, Video Carousel, People also ask, Popular products, Related searches, See results about",commercial,Organic
pro skate pro,78,0,1600,23,0.61,https://proskatersplace.ca/blog/pro-skates-professional-guide,0,0,0.00,0.24,126000000,"[79,79,54,100,79,54,41,54,54,66,36,41]",2026-02-09,"Sitelinks, Video, Image, Related searches",commercial,Organic
online skate store canada,96,96,260,41,0.33,https://proskatersplace.ca/,0,0,0.00,0.93,15300000,"[29,35,29,54,66,54,43,29,54,100,66,54]",2026-01-22,"Sitelinks, Image, Popular products, Related searches",commercial,Organic
rollar skates,58,58,210,25,0.27,https://test.proskatersplace.ca/blog/where-to-buy-roller-skates-near-me-canada,0,0,0.00,0.95,23400000,"[9,4,7,26,14,11,11,59,26,59,26,14]",2025-12-10,"Local pack, Sitelinks, Video, Image, People also ask, Popular products, Related searches",commercial,Organic
skate gear,52,52,50,11,0.18,https://proskatersplace.ca/categories,0,0,0.00,0.96,61800000,"[50,78,78,78,14,14,14,14,14,14,14,14]",2026-01-02,"Local pack, Sitelinks, Video, Image, Video Carousel, Popular products, Related searches",commercial,Organic
best rollerblades,41,41,70,22,0.43,https://proskatersplace.ca/blog/best-inline-skates-canada-2025,0,0,0.00,1,24600000,"[4,7,5,10,15,12,12,12,7,5,7,3]",2026-01-09,"Sitelinks, Video, Video Carousel, People also ask, Popular products, Related searches",commercial,Organic
skate canada merchandise,79,79,70,,0.00,https://proskatersplace.ca/categories,0,0,0.00,0.1,3910000,"[28,21,34,28,21,12,12,6,12,15,6,34]",2026-01-03,"Sitelinks, Image, Related searches",navigational,Organic
abec 9 bearings,37,37,70,5,0.41,https://proskatersplace.ca/product/wicked-abec-9-freespin-bearings,0,0,0.00,0.83,916000,"[15,7,15,11,42,42,42,26,19,42,26,19]",2025-12-30,"Sitelinks, Video, Video Carousel, People also ask, Popular products, Related searches, Discussions and forums, AI overview","commercial, informational",Organic
bones speed cream,64,64,70,6,0.35,https://dev.proskatersplace.ca/product/bones-speed-cream-bearings-lubricant,0,0,0.00,0.58,22200000,"[7,7,7,5,28,7,35,12,53,35,10,7]",2025-12-28,"Sitelinks, Video, People also ask, Popular products, Related searches, Discussions and forums","informational, transactional",Organic
roller skating rink toronto,36,36,320,30,0.00,https://proskatersplace.ca/blog/roller-skates-toronto,0,0,0.00,0.03,755000,"[29,36,36,54,54,29,54,36,29,29,29,29]",2025-12-15,"Local pack, Sitelinks, Video, Image, Related searches",commercial,Organic
skateboard shop canada,98,98,260,48,0.28,https://proskatersplace.ca/,0,0,0.00,0.95,16000000,"[4,59,2,3,2,88,14,9,14,39,7,72]",2026-01-29,"Knowledge panel, Local pack, Video, Image, Related searches",commercial,Organic
what are inline rollerblades,33,33,90,11,0.00,https://proskatersplace.ca/blog/inline-skates-vs-roller-skates,0,0,0.00,0.02,2300000,"[50,50,64,50,78,100,64,78,50,64,64,64]",2025-12-24,"Sitelinks, Video, Video Carousel, People also ask, Popular products, Related searches, Short videos, AI overview",informational,Organic
what are inline rollerblades,39,39,90,11,0.00,https://proskatersplace.ca/blog/inline-skates-vs-roller-skates,0,0,0.00,0.02,2300000,"[50,50,64,50,78,100,64,78,50,64,64,64]",2025-12-24,"Sitelinks, Video, Video Carousel, People also ask, Popular products, Related searches, Short videos, AI overview",informational,Organic
canadian skate shop,96,96,110,50,0.28,https://proskatersplace.ca/,0,0,0.00,0.95,61200000,"[9,9,9,9,9,15,54,15,15,9,15,12]",2026-01-21,"Knowledge panel, Local pack, Sitelinks, Video, Image, Related searches",commercial,Organic
roller skates toronto,26,26,140,36,0.29,https://proskatersplace.ca/blog/roller-skating-toronto-guide,0,0,0.00,0.99,2440000,"[7,7,4,8,16,13,5,8,7,5,3,5]",2026-01-19,"Local pack, Sitelinks, Video, Image, Popular products, Related searches",commercial,Organic
roller skates toronto,47,47,140,36,0.29,https://proskatersplace.ca/blog/roller-skates-toronto,0,0,0.00,0.99,2440000,"[7,7,4,8,16,13,5,8,7,5,3,5]",2026-01-19,"Local pack, Sitelinks, Video, Image, Popular products, Related searches",commercial,Organic
roller skating toronto indoor,55,55,90,28,0.00,https://proskatersplace.ca/blog/roller-skates-toronto,0,0,0.00,0.22,1280000,"[22,35,22,29,22,14,4,10,10,10,8,14]",2026-02-02,"Local pack, Video, Image, Related searches",commercial,Organic
nitro skates toronto,16,16,320,31,0.00,https://proskatersplace.ca/,0,0,0.00,0.05,18200,"[43,66,43,82,82,100,82,100,100,100,82,82]",2026-01-28,"Knowledge panel, Sitelinks, People also ask, Related searches",navigational,Organic
nitro skates toronto,28,28,320,31,0.00,https://proskatersplace.ca/blog/roller-skates-toronto,0,0,0.00,0.05,18200,"[43,66,43,82,82,100,82,100,100,100,82,82]",2026-01-28,"Knowledge panel, Sitelinks, People also ask, Related searches",navigational,Organic
shop for rollerblades,15,15,50,29,0.25,https://proskatersplace.ca/,0,0,0.00,0.88,4030000,"[11,23,23,41,52,82,64,41,11,11,11,11]",2026-01-23,"Local pack, Sitelinks, Video, Image, Popular products, Related searches, AI overview",commercial,Organic
dominion canada roller skates,20,20,210,11,0.27,https://proskatersplace.ca/product-category/scooters,0,0,0.00,1,53200,"[28,44,35,44,44,66,44,35,23,23,28,23]",2025-12-24,"Image pack, Sitelinks, Image, People also ask, Popular products, Related searches",commercial,Organic
roller skating roller skating,68,68,1000,41,0.38,https://proskatersplace.ca/blog/roller-skating-toronto-guide,0,0,0.00,0.48,33900000,"[0,0,0,0,0,0,0,100,43,24,0,0]",2025-12-09,"Knowledge panel, Local pack, Sitelinks, Video, Image, Video Carousel, Related searches",commercial,Organic
k2 inline skates canada,50,50,50,16,0.30,https://proskatersplace.ca/blog/best-inline-skates-canada-2025,0,0,0.00,1,158000,"[4,7,10,4,3,7,10,10,2,2,2,2]",2025-12-23,"Sitelinks, Video, Image, Popular products, Related searches","informational, transactional",Organic
what is in line skating,37,37,70,32,0.00,https://proskatersplace.ca/blog/inline-skates-vs-roller-skates,0,0,0.00,0.13,170000000,"[0,7,50,78,100,64,78,50,64,7,7,64]",2026-01-18,"Sitelinks, Video, Featured snippet, Video Carousel, Related searches, See results about",informational,Organic
toronto roller skating,26,26,70,,0.92,https://proskatersplace.ca/blog/roller-skating-toronto-guide,0,0,0.00,0.09,3530000,"[3,10,16,8,10,6,10,0,0,0,1,0]",2026-01-01,"Local pack, Sitelinks, Video, Image, Related searches",commercial,Organic
toronto roller skating,63,63,70,,0.92,https://proskatersplace.ca/,0,0,0.00,0.09,3530000,"[3,10,16,8,10,6,10,0,0,0,1,0]",2026-01-01,"Local pack, Sitelinks, Video, Image, Related searches",commercial,Organic
sktes,31,31,50,25,0.20,https://proskatersplace.ca/,0,0,0.00,0.36,533000000,"[100,0,35,0,0,2,0,0,0,0,2,2]",2026-01-07,"Sitelinks, Video, Image, People also ask, Popular products, Related searches",commercial,Organic
sktes,93,93,50,25,0.20,https://proskatersplace.ca/categories,0,0,0.00,0.36,533000000,"[100,0,35,0,0,2,0,0,0,0,2,2]",2026-01-07,"Sitelinks, Video, Image, People also ask, Popular products, Related searches",commercial,Organic
troller skate,78,78,140,29,0.34,https://proskatersplace.ca/blog/roller-skating-toronto-guide,0,0,0.00,0.98,42200000,"[0,0,0,100,0,0,0,0,0,0,0,0]",2026-01-13,"Image pack, Sitelinks, Video, Image, Video Carousel, People also ask, Popular products, Related searches","informational, transactional",Organic
troller skate,79,79,140,29,0.34,https://proskatersplace.ca/blog/roller-skating-toronto-guide,0,0,0.00,0.98,42200000,"[0,0,0,100,0,0,0,0,0,0,0,0]",2026-01-13,"Image pack, Sitelinks, Video, Image, Video Carousel, People also ask, Popular products, Related searches","informational, transactional",Organic
inline skates versus roller skates,10,10,320,7,0.32,https://proskatersplace.ca/blog/inline-skates-vs-roller-skates,0,0,0.00,0.3,2500000,"[54,66,54,81,100,81,54,44,44,35,23,0]",2026-01-26,"Image pack, Sitelinks, Video, Video Carousel, People also ask, Related searches, Discussions and forums, AI overview",commercial,Organic
roller stakes,16,16,90,32,0.34,https://proskatersplace.ca/,0,0,0.00,0.98,36300000,"[1,1,0,1,100,0,6,0,0,12,2,1]",2026-01-15,"Sitelinks, Video, Image, People also ask, Popular products, Related searches","informational, transactional",Organic
roller stakes,76,76,90,32,0.34,https://proskatersplace.ca/categories,0,0,0.00,0.98,36300000,"[1,1,0,1,100,0,6,0,0,12,2,1]",2026-01-15,"Sitelinks, Video, Image, People also ask, Popular products, Related searches","informational, transactional",Organic
beginners skating,28,28,70,33,0.00,https://proskatersplace.ca/blog/complete-beginners-guide-inline-quad-skating,0,0,0.00,0.61,14800000,"[100,80,52,66,9,9,9,9,9,9,9,9]",2026-01-16,"Video, Video Carousel, Related searches, AI overview",informational,Organic
nordic skates,58,58,110,17,0.00,https://proskatersplace.ca/categories,0,0,0.00,0.21,2590000,"[7,15,44,44,4,5,4,2,4,7,7,10]",2026-01-01,"Knowledge panel, Sitelinks, Video, Video Carousel, Popular products, Related searches, Discussions and forums","informational, transactional",Organic
roller skates purchase,16,16,50,16,0.41,https://proskatersplace.ca/,0,0,0.00,1,6900000,"[55,55,77,77,77,100,77,100,0,0,0,0]",2025-12-28,"Local pack, Sitelinks, Video, Image, Popular products, Related searches",transactional,Organic
roller skates purchase,51,51,50,16,0.41,https://proskatersplace.ca/blog/where-to-buy-roller-skates-near-me-canada,0,0,0.00,1,6900000,"[55,55,77,77,77,100,77,100,0,0,0,0]",2025-12-28,"Local pack, Sitelinks, Video, Image, Popular products, Related searches",transactional,Organic
roller skater,26,26,90,43,0.27,https://proskatersplace.ca/product-category/roller-skates,0,0,0.00,0.95,18800000,"[5,5,4,0,1,0,0,1,3,19,67,19]",2025-12-18,"Image pack, Sitelinks, Video, Image, Video Carousel, Popular products, Related searches",commercial,Organic
roller skater,68,68,90,43,0.27,https://proskatersplace.ca/blog/roller-skating-toronto-guide,0,0,0.00,0.95,18800000,"[5,5,4,0,1,0,0,1,3,19,67,19]",2025-12-18,"Image pack, Sitelinks, Video, Image, Video Carousel, Popular products, Related searches",commercial,Organic
sport chek rollerblades,20,20,110,23,0.37,https://proskatersplace.ca/blog/where-to-buy-roller-skates-near-me-canada,0,0,0.00,1,2000,"[0,3,1,5,13,11,8,8,5,3,4,2]",2026-02-06,"Sitelinks, Image, People also ask, Popular products, Related searches","informational, transactional",Organic
fischer sports canada,62,62,110,13,0.45,https://proskatersplace.ca/product/fischer-twin-skin-superior-medium-ifp-nordic-skis,0,0,0.00,1,6530000,"[53,100,80,80,53,19,7,7,7,19,19,34]",2026-01-04,"Sitelinks, Video, Image, Related searches",navigational,Organic
indoor roller skating toronto,68,68,320,15,0.00,https://proskatersplace.ca/blog/roller-skates-toronto,0,0,0.00,0.19,1270000,"[81,100,54,29,44,29,19,29,36,23,23,29]",2026-01-23,"Local pack, Sitelinks, Video, Image, Related searches",commercial,Organic
indoor roller skating toronto,76,76,320,15,0.00,https://proskatersplace.ca/blog/roller-skates-toronto,0,0,0.00,0.19,1270000,"[81,100,54,29,44,29,19,29,36,23,23,29]",2026-01-23,"Local pack, Sitelinks, Video, Image, Related searches",commercial,Organic
where to buy inline skates,22,22,90,28,0.28,https://proskatersplace.ca/,0,0,0.00,0.96,14700000,"[5,7,4,4,11,14,14,14,11,7,7,4]",2026-01-01,"Local pack, Sitelinks, Video, Image, People also ask, Related searches",transactional,Organic
inline skate roller,78,78,90,15,0.29,https://proskatersplace.ca/blog/inline-skates-vs-roller-skates,0,0,0.00,0.96,9430000,"[35,28,35,78,78,78,7,64,78,100,35,64]",2026-01-14,"Sitelinks, Video, Image, Video Carousel, People also ask, Popular products, Related searches","informational, transactional",Organic
rollerblades vancouver bc,40,40,140,12,0.21,https://proskatersplace.ca/best-inline-skates-canada-2025,0,0,0.00,0.96,15300,"[42,26,26,34,34,34,53,80,65,65,80,53]",2025-12-13,"Local pack, Sitelinks, Video, Image, Popular products, Related searches",commercial,Organic
rollerblades vancouver bc,67,67,140,12,0.21,https://proskatersplace.ca/,0,0,0.00,0.96,15300,"[42,26,26,34,34,34,53,80,65,65,80,53]",2025-12-13,"Local pack, Sitelinks, Video, Image, Popular products, Related searches",commercial,Organic
rollerblades vancouver bc,93,93,140,12,0.21,https://proskatersplace.ca/blog/best-inline-skates-canada-2025,0,0,0.00,0.96,15300,"[42,26,26,34,34,34,53,80,65,65,80,53]",2025-12-13,"Local pack, Sitelinks, Video, Image, Popular products, Related searches",commercial,Organic
roller skate shops near me,78,78,110,48,0.82,https://proskatersplace.ca/blog/roller-skates-toronto,0,0,0.00,0.92,5210000,"[19,15,26,34,26,34,53,80,53,53,42,42]",2025-12-23,"Local pack, Sitelinks, People also ask, Related searches",transactional,Organic
roller skates near me,11,11,320,29,0.35,https://proskatersplace.ca/,0,0,0.00,0.26,26800000,"[4,4,8,8,16,7,16,20,7,5,8,7]",2026-01-19,"Local pack, Video, Image, People also ask, Popular products, Related searches",transactional,Organic
roller skates near me,42,42,320,29,0.35,https://proskatersplace.ca/blog/where-to-buy-roller-skates-near-me-canada,0,0,0.00,0.26,26800000,"[4,4,8,8,16,7,16,20,7,5,8,7]",2026-01-19,"Local pack, Video, Image, People also ask, Popular products, Related searches",transactional,Organic
roller blades near me,18,18,110,23,0.12,https://proskatersplace.ca/,0,0,0.00,0.9,21800000,"[0,21,21,28,34,21,43,53,65,65,65,53]",2025-12-21,"Local pack, Sitelinks, Video, Image, People also ask, Popular products, Related searches",transactional,Organic
shoe grind,4,4,110,24,0.00,https://proskatersplace.ca/product/grind-shoes,0,0,0.00,0.19,16800000,"[42,66,52,52,52,33,52,33,33,52,42,52]",2026-01-17,"Image pack, Sitelinks, Video, Image, Video Carousel, People also ask, Popular products, Related searches",commercial,Image pack
ski boots rossignol women's,57,57,90,16,0.24,https://proskatersplace.ca/product/rossignol-pure-pro-80-women-alpine-ski-boots,0,0,0.00,1,11800000,"[52,66,80,100,52,23,9,9,9,14,33,42]",2026-01-03,"Sitelinks, Video, Image, Ads bottom, Video Carousel, Popular products, Related searches","informational, transactional",Organic
toronto skateboard shop,62,62,70,48,0.25,https://proskatersplace.ca/,0,0,0.00,0.83,2720000,"[12,0,2,15,4,6,19,4,5,44,2,5]",2026-01-25,"Local pack, Sitelinks, Video, Image, Related searches",commercial,Organic
rollerblade sport expert,84,84,70,18,0.51,https://proskatersplace.ca/categories,0,0,0.00,0.95,249000,"[10,5,5,17,28,53,23,35,23,17,10,10]",2026-01-24,"Sitelinks, Video, Image, Popular products, Related searches","navigational, transactional",Organic
rollerblade sport expert,90,90,70,18,0.51,https://proskatersplace.ca/categories,0,0,0.00,0.95,249000,"[10,5,5,17,28,53,23,35,23,17,10,10]",2026-01-24,"Sitelinks, Video, Image, Popular products, Related searches","navigational, transactional",Organic
roller blades canada,22,22,140,35,0.23,https://proskatersplace.ca/,0,0,0.00,1,7430000,"[1,2,1,1,3,3,3,2,1,1,1,1]",2026-01-06,"Sitelinks, Video, Image, People also ask, Popular products, Related searches",commercial,Organic
skateboard shops toronto,33,33,170,52,0.25,https://proskatersplace.ca/,0,0,0.00,0.83,1170000,"[6,2,36,15,6,6,36,100,4,9,6,66]",2026-02-03,"Local pack, Sitelinks, Video, Image, Related searches",commercial,Organic
canada skate shops,94,94,140,51,0.28,https://proskatersplace.ca/,0,0,0.00,0.95,61000000,"[80,53,26,26,42,34,53,65,53,42,42,42]",2026-02-01,"Knowledge panel, Local pack, Sitelinks, Video, Image, Popular products, Related searches",commercial,Organic
canadian tire roller skates,29,29,90,26,0.09,https://proskatersplace.ca/blog/where-to-buy-roller-skates-near-me-canada,0,0,0.00,0.99,432000,"[0,4,4,2,8,18,66,22,66,6,4,4]",2025-12-30,"Image pack, Sitelinks, Video, Image, Ads bottom, People also ask, Popular products, Related searches",transactional,Organic
professional skate,55,55,720,32,0.61,https://proskatersplace.ca/,0,0,0.00,0.24,224000000,"[3,100,13,81,62,10,10,55,24,45,62,16]",2026-02-06,"Local pack, Image pack, Sitelinks, Video, Image, Popular products, Related searches","commercial, navigational",Organic
skate shop ontario,85,85,50,47,0.28,https://proskatersplace.ca/,0,0,0.00,0.92,3720000,"[29,23,23,23,11,41,41,41,41,41,23,29]",2025-12-22,"Local pack, Sitelinks, Image, Related searches",commercial,Organic
vancouver roller skate,83,83,320,23,0.30,https://proskatersplace.ca/,0,0,0.00,0.25,634000,"[0,0,62,100,62,0,0,0,30,0,0,0]",2026-02-06,"Local pack, Sitelinks, Video, Image, Popular products, Related searches",commercial,Organic
nitro skates,69,69,170,23,0.00,https://proskatersplace.ca/,0,0,0.00,0.17,944000,"[43,53,43,53,53,53,43,35,66,53,28,43]",2026-01-27,"Knowledge panel, Sitelinks, Video, People also ask, Popular products, Related searches","commercial, navigational",Organic
skate & play reviews,95,95,70,26,0.00,https://proskatersplace.ca/blog/roller-skates-toronto,0,0,0.00,0,47000000,"[18,18,100,100,100,100,100,18,100,18,45,45]",2026-01-02,"Knowledge panel, Sitelinks, Video, People also ask, Related searches, AI overview",commercial,Organic
roller skate,90,90,1300,42,0.33,https://proskatersplace.ca/blog/roller-skates-toronto,0,0,0.00,0.62,44500000,"[36,36,44,24,10,66,52,52,52,13,13,52]",2026-02-01,"Local pack, Image pack, Sitelinks, Video, Image, Video Carousel, People also ask, Popular products, Related searches",transactional,Organic
how to skates,11,11,390,19,0.00,https://proskatersplace.ca/blog/complete-beginners-guide-inline-quad-skating,0,0,0.00,0,53700000,"[100,100,76,20,10,13,6,6,8,8,16,36]",2026-01-25,"Video, Video Carousel, People also ask, Related searches, Short videos, Discussions and forums, AI overview",informational,Organic
how to skates,49,49,390,19,0.00,https://proskatersplace.ca/blog/how-to-skate-backwards-tutorial,0,0,0.00,0,53700000,"[100,100,76,20,10,13,6,6,8,8,16,36]",2026-01-25,"Video, Video Carousel, People also ask, Related searches, Short videos, Discussions and forums, AI overview",informational,Organic
how to skates,76,76,390,19,0.00,https://proskatersplace.ca/blog/how-to-skate-backwards-tutorial,0,0,0.00,0,53700000,"[100,100,76,20,10,13,6,6,8,8,16,36]",2026-01-25,"Video, Video Carousel, People also ask, Related searches, Short videos, Discussions and forums, AI overview",informational,Organic
canada skate shop,94,94,260,49,0.28,https://proskatersplace.ca/,0,0,0.00,0.95,60100000,"[0,1,1,3,3,2,32,100,88,39,59,5]",2026-01-21,"Knowledge panel, Local pack, Video, Image, Related searches",commercial,Organic
rollerskate,87,87,390,50,0.34,https://proskatersplace.ca/blog/roller-skates-toronto,0,0,0.00,0.98,30900000,"[7,41,16,13,13,16,13,24,24,10,2,13]",2026-02-02,"Local pack, Image pack, Sitelinks, Video, Image, Video Carousel, People also ask, Popular products, Related searches",commercial,Organic
ski binding rottefella,56,56,90,15,0.00,https://proskatersplace.ca/product/rottefella-nnn-exercise-skate-nis-ski-bindings,0,0,0.00,0.96,236000,"[0,80,100,80,34,7,7,7,7,7,15,26]",2026-01-02,"Sitelinks, Video, Image, Video Carousel, People also ask, Popular products, Related searches","navigational, transactional",Organic
rollerblades near me,17,17,140,22,0.28,https://proskatersplace.ca/,0,0,0.00,1,3140000,"[43,22,18,14,14,14,29,35,43,35,35,35]",2025-12-09,"Local pack, Sitelinks, Video, Related searches",transactional,Organic
trick scooters,34,34,210,10,0.38,https://proskatersplace.ca/product-category/trick-scooters,0,0,0.00,1,8940000,"[3,2,1,4,4,7,5,5,7,10,10,8]",2026-02-07,"Video, Image, Video Carousel, People also ask, Popular products, Related searches, Discussions and forums",transactional,Organic
skates buy,78,78,50,25,0.31,https://proskatersplace.ca/categories,0,0,0.00,1,42200000,"[18,63,81,36,36,36,27,45,100,27,36,27]",2026-01-07,"Local pack, Sitelinks, Video, Image, People also ask, Popular products, Related searches",transactional,Organic
roller blading,44,44,590,47,0.32,https://proskatersplace.ca/blog/roller-skating-toronto-guide,0,0,0.00,0.84,11200000,"[34,24,20,34,16,20,13,16,24,7,16,7]",2026-01-19,"Local pack, Sitelinks, Video, Image, People also ask, Related searches",commercial,Organic
roller blading,86,86,590,47,0.32,https://proskatersplace.ca/,0,0,0.00,0.84,11200000,"[34,24,20,34,16,20,13,16,24,7,16,7]",2026-01-19,"Local pack, Sitelinks, Video, Image, People also ask, Related searches",commercial,Organic
where can i purchase roller skates,44,44,110,26,0.29,https://test.proskatersplace.ca/blog/where-to-buy-roller-skates-near-me-canada,0,0,0.00,1,26700000,"[33,66,66,33,66,66,66,66,42,42,42,33]",2025-12-24,"Local pack, Sitelinks, Image, People also ask, Popular products, Related searches, Discussions and forums",transactional,Organic
inline skates vs rollerblades,53,53,320,14,0.32,https://proskatersplace.ca/blog/inline-skates-vs-roller-skates,0,0,0.00,0.3,1310000,"[54,66,35,44,100,100,66,66,54,28,35,28]",2026-01-21,"Sitelinks, Video, Video Carousel, People also ask, Related searches, Short videos, Discussions and forums, AI overview","commercial, informational",Organic
roll skater,77,77,110,39,0.34,https://proskatersplace.ca/categories,0,0,0.00,0.98,12100000,"[35,0,0,35,35,17,23,28,28,100,17,0]",2026-01-18,"Sitelinks, Video, Image, Video Carousel, People also ask, Popular products, Related searches","commercial, navigational",Organic
where can you buy skates,88,88,90,15,0.29,https://test.proskatersplace.ca/blog/where-to-buy-roller-skates-near-me-canada,0,0,0.00,1,24900000,"[33,42,42,33,52,42,33,66,42,42,42,33]",2025-12-24,"Local pack, Sitelinks, Image, People also ask, Popular products, Related searches, Discussions and forums",transactional,Organic
roller skates,71,71,5400,53,0.34,https://proskatersplace.ca/blog/roller-skates-toronto,0,0,0.00,0.98,33700000,"[36,24,36,29,29,29,24,29,24,29,8,19]",2026-01-31,"Local pack, Sitelinks, Video, Image, Video Carousel, People also ask, Popular products, Related searches",transactional,Organic
roller skates,80,80,5400,53,0.34,https://proskatersplace.ca/blog/roller-skates-toronto,0,0,0.00,0.98,33700000,"[36,24,36,29,29,29,24,29,24,29,8,19]",2026-01-31,"Local pack, Sitelinks, Video, Image, Video Carousel, People also ask, Popular products, Related searches",transactional,Organic
roller skating roller blading,49,49,720,23,0.37,https://proskatersplace.ca/blog/roller-skating-toronto-guide,0,0,0.00,1,10200000,"[54,54,54,66,54,36,36,13,20,0,0,0]",2026-01-13,"Local pack, Image pack, Sitelinks, Video, Image, Video Carousel, People also ask, Related searches, AI overview",commercial,Organic
proskaters place,26,26,170,35,0.00,https://proskatersplace.ca/blog/roller-skates-toronto,0,0,0.00,0.1,1500000,"[12,29,29,5,12,12,29,36,23,29,36,23]",2025-12-01,"Knowledge panel, Sitelinks, Video, Image, Related searches",navigational,Organic
proskaters place,39,39,170,35,0.00,https://test.proskatersplace.ca/blog,0,0,0.00,0.1,1500000,"[12,29,29,5,12,12,29,36,23,29,36,23]",2025-12-01,"Knowledge panel, Sitelinks, Video, Image, Related searches",navigational,Organic
proskaters place,76,76,170,35,0.00,https://proskatersplace.ca/categories,0,0,0.00,0.1,1500000,"[12,29,29,5,12,12,29,36,23,29,36,23]",2025-12-01,"Knowledge panel, Sitelinks, Video, Image, Related searches",navigational,Organic
proskaters place,90,90,170,35,0.00,https://proskatersplace.ca/blog,0,0,0.00,0.1,1500000,"[12,29,29,5,12,12,29,36,23,29,36,23]",2025-12-01,"Knowledge panel, Sitelinks, Video, Image, Related searches",navigational,Organic
rollerskating toronto,13,13,210,22,0.92,https://proskatersplace.ca/blog/roller-skating-toronto-guide,0,0,0.00,0.09,1030000,"[2,11,5,52,7,5,2,2,7,11,7,5]",2026-01-01,"Local pack, Sitelinks, Video, Image, Related searches",commercial,Organic
rollerskating toronto,98,98,210,22,0.92,https://proskatersplace.ca/,0,0,0.00,0.09,1030000,"[2,11,5,52,7,5,2,2,7,11,7,5]",2026-01-01,"Local pack, Sitelinks, Video, Image, Related searches",commercial,Organic
toronto skateshops,23,23,50,50,0.23,https://proskatersplace.ca/,0,0,0.00,0.75,71500,"[0,0,100,0,0,0,82,0,0,0,0,0]",2025-12-23,"Local pack, Sitelinks, Video, Image, Related searches",commercial,Organic
toronto skateshops,83,83,50,50,0.23,https://proskatersplace.ca/contact,0,0,0.00,0.75,71500,"[0,0,100,0,0,0,82,0,0,0,0,0]",2025-12-23,"Local pack, Sitelinks, Video, Image, Related searches",commercial,Organic
children's cross country ski boots,90,90,90,4,0.00,https://proskatersplace.ca/product/rossignol-x1-nordic-touring-kids-ski-boots,0,0,0.00,0,16300000,"[66,66,66,66,66,52,66,4,4,4,4,52]",2026-02-07,"Sitelinks, Video, Image, Popular products, Related searches, Discussions and forums",transactional,Organic
rollerblades canadian tire,16,16,70,24,0.06,https://proskatersplace.ca/where-to-buy-roller-skates-near-me-canada,0,0,0.00,1,29800,"[0,20,0,0,0,1,1,2,1,0,1,0]",2026-01-01,"Image pack, Sitelinks, Video, Image, Popular products, Related searches","navigational, transactional",Organic
where can you buy roller skates,20,20,50,,0.29,https://proskatersplace.ca/,0,0,0.00,1,30600000,"[21,64,64,0,14,14,64,64,64,35,21,28]",2026-01-04,"Local pack, Sitelinks, Video, Image, People also ask, Popular products, Related searches, Discussions and forums, AI overview",transactional,Organic
where can you buy roller skates,38,38,50,,0.29,https://proskatersplace.ca/where-to-buy-roller-skates-near-me-canada,0,0,0.00,1,30600000,"[21,64,64,0,14,14,64,64,64,35,21,28]",2026-01-04,"Local pack, Sitelinks, Video, Image, People also ask, Popular products, Related searches, Discussions and forums, AI overview",transactional,Organic
pro skate,16,16,480,36,0.61,https://proskatersplace.ca/,0,0,0.00,0.24,173000000,"[0,55,55,20,55,55,24,5,36,24,6,55]",2026-01-27,"Local pack, Sitelinks, Video, Image, Video Carousel, Popular products, Related searches","commercial, navigational",Organic
pro skate,83,83,480,36,0.61,https://proskatersplace.ca/categories,0,0,0.00,0.24,173000000,"[0,55,55,20,55,55,24,5,36,24,6,55]",2026-01-27,"Local pack, Sitelinks, Video, Image, Video Carousel, Popular products, Related searches","commercial, navigational",Organic
inline skates toronto,34,34,90,14,0.26,https://proskatersplace.ca/blog/best-inline-skates-2025,0,0,0.00,0.81,1520000,"[6,9,9,6,15,19,19,19,15,15,15,5]",2025-12-24,"Local pack, Sitelinks, Video, Image, People also ask, Popular products, Related searches",commercial,Organic
inline skates toronto,70,70,90,14,0.26,https://proskatersplace.ca/blog/inline-skates-vs-roller-skates,0,0,0.00,0.81,1520000,"[6,9,9,6,15,19,19,19,15,15,15,5]",2025-12-24,"Local pack, Sitelinks, Video, Image, People also ask, Popular products, Related searches",commercial,Organic
rollerskating rink toronto,61,61,110,22,0.00,https://proskatersplace.ca/blog/roller-skates-toronto,0,0,0.00,0.06,865000,"[0,7,7,7,7,7,100,80,53,100,65,42]",2026-01-02,"Local pack, Sitelinks, Video, Image, Related searches",commercial,Organic
ski fischer skate,95,95,70,12,0.57,https://dev.proskatersplace.ca/product/fischer-scs-skate-ifp-cross-country-skis,0,0,0.00,1,1860000,"[80,100,66,42,9,9,9,9,14,14,33,52]",2026-01-13,"Sitelinks, Video, Image, Video Carousel, People also ask, Popular products, Related searches","informational, transactional",Organic
rollerblades canada,17,17,210,31,0.34,https://proskatersplace.ca/,0,0,0.00,1,1020000,"[3,3,3,2,2,3,8,10,8,5,5,3]",2025-12-13,"Local pack, Image pack, Sitelinks, Video, Image, Popular products, Related searches",commercial,Organic
alien in line,61,61,140,20,0.47,https://proskatersplace.ca/categories,0,0,0.00,0.13,510000000,"[42,42,65,34,34,34,34,53,65,53,65,53]",2026-01-13,"Knowledge panel, Image pack, Sitelinks, Video, Ads bottom, Video Carousel, People also ask, Related searches","navigational, transactional",Organic
how to skate on skates,11,11,210,7,0.00,https://proskatersplace.ca/blog/how-to-skate-backwards-tutorial,0,0,0.00,0,28700000,"[43,82,66,53,66,53,66,53,53,43,43,35]",2026-01-03,"Image pack, Sitelinks, Video, Video Carousel, Related searches, Short videos, Discussions and forums, AI overview",informational,Organic
abec 7 bearings,55,55,90,7,0.37,https://proskatersplace.ca/product/wicked-abec-7-freespin-bearings-8-pack,0,0,0.00,0.88,993000,"[17,17,12,10,17,28,28,28,23,28,23,23]",2026-01-08,"Sitelinks, Video, Video Carousel, People also ask, Popular products, Related searches, Discussions and forums, AI overview","commercial, informational",Organic
inline canada,38,38,70,34,0.00,https://proskatersplace.ca/blog/best-inline-skates-canada-2025,0,0,0.00,0.01,52100000,"[11,11,41,52,100,100,64,52,41,23,29,29]",2026-01-28,"Knowledge panel, Sitelinks, Image, Video Carousel, People also ask, Related searches",navigational,Organic
roller vs inline skates,7,7,320,11,0.32,https://proskatersplace.ca/blog/inline-skates-vs-roller-skates,0,0,0.00,0.3,8240000,"[54,66,54,81,100,81,54,44,44,35,23,1]",2026-01-26,"Sitelinks, Video, Video Carousel, People also ask, Related searches, Short videos, Discussions and forums, AI overview","commercial, informational",Organic
roller vs inline skates,29,29,320,11,0.32,https://proskatersplace.ca/blog/inline-skates-vs-roller-skates,0,0,0.00,0.3,8240000,"[54,66,54,81,100,81,54,44,44,35,23,1]",2026-01-26,"Sitelinks, Video, Video Carousel, People also ask, Related searches, Short videos, Discussions and forums, AI overview","commercial, informational",Organic
skates or rollerblades,31,31,210,15,0.33,https://proskatersplace.ca/blog/inline-skates-vs-roller-skates,0,0,0.00,0.51,3640000,"[53,66,53,66,100,66,53,53,53,53,35,0]",2026-01-18,"Sitelinks, Video, Video Carousel, People also ask, Popular products, Related searches, Short videos, Discussions and forums, AI overview","commercial, informational",Organic
skate shop canada,82,82,480,52,0.28,https://proskatersplace.ca/,0,0,0.00,0.95,60100000,"[7,7,24,41,13,13,24,10,20,16,30,13]",2026-01-22,"Knowledge panel, Sitelinks, Video, Image, Related searches",commercial,Organic
where can i buy roller skates near me,63,63,50,17,0.11,https://test.proskatersplace.ca/blog/where-to-buy-roller-skates-near-me-canada,0,0,0.00,1,24900000,"[1,1,1,1,1,1,6,6,6,6,6,1]",2025-12-02,"Local pack, Sitelinks, Video, People also ask, Related searches, AI overview",transactional,Organic
inline skating,74,74,880,17,0.21,https://proskatersplace.ca/product-category/inline-skates,0,0,0.00,0.94,25300000,"[24,30,16,34,55,13,16,44,34,20,34,24]",2025-12-10,"Knowledge panel, Local pack, Sitelinks, Video, Video Carousel, People also ask, Related searches, Short videos","informational, transactional",Organic
inline skating,78,78,880,17,0.21,https://proskatersplace.ca/blog,0,0,0.00,0.94,25300000,"[24,30,16,34,55,13,16,44,34,20,34,24]",2025-12-10,"Knowledge panel, Local pack, Sitelinks, Video, Video Carousel, People also ask, Related searches, Short videos","informational, transactional",Organic
place for roller skating,25,25,260,44,0.00,https://proskatersplace.ca/blog/roller-skating-toronto-guide,0,0,0.00,0,42600000,"[81,100,66,100,81,54,35,29,29,66,35,0]",2026-01-27,"Local pack, Video, Image, People also ask, Related searches",commercial,Organic
place for roller skating,75,75,260,44,0.00,https://proskatersplace.ca/blog/roller-skates-toronto,0,0,0.00,0,42600000,"[81,100,66,100,81,54,35,29,29,66,35,0]",2026-01-27,"Local pack, Video, Image, People also ask, Related searches",commercial,Organic
proskatersplace,15,15,260,36,0.00,https://proskatersplace.ca/contact,0,0,0.00,0.05,1470000,"[16,16,16,13,24,36,1,20,36,20,16,20]",2025-12-26,"Knowledge panel, Sitelinks, Video, Image, Related searches",navigational,Organic
proskatersplace,27,27,260,36,0.00,https://proskatersplace.ca/blog,0,0,0.00,0.05,1470000,"[16,16,16,13,24,36,1,20,36,20,16,20]",2025-12-26,"Knowledge panel, Sitelinks, Video, Image, Related searches",navigational,Organic
proskatersplace,52,52,260,36,0.00,https://proskatersplace.ca/contact,0,0,0.00,0.05,1470000,"[16,16,16,13,24,36,1,20,36,20,16,20]",2025-12-26,"Knowledge panel, Sitelinks, Video, Image, Related searches",navigational,Organic
proskatersplace,70,70,260,36,0.00,https://proskatersplace.ca/product-category/scooters,0,0,0.00,0.05,1470000,"[16,16,16,13,24,36,1,20,36,20,16,20]",2025-12-26,"Knowledge panel, Sitelinks, Video, Image, Related searches",navigational,Organic
proskatersplace,82,82,260,36,0.00,https://proskatersplace.ca/terms,0,0,0.00,0.05,1470000,"[16,16,16,13,24,36,1,20,36,20,16,20]",2025-12-26,"Knowledge panel, Sitelinks, Video, Image, Related searches",navigational,Organic
proskatersplace,84,84,260,36,0.00,https://proskatersplace.ca/privacy,0,0,0.00,0.05,1470000,"[16,16,16,13,24,36,1,20,36,20,16,20]",2025-12-26,"Knowledge panel, Sitelinks, Video, Image, Related searches",navigational,Organic
rolling skate,45,45,70,49,0.33,https://proskatersplace.ca/blog/roller-skates-toronto,0,0,0.00,0.4,57300000,"[4,0,0,8,43,6,4,8,2,100,6,6]",2025-12-14,"Local pack, Image pack, Sitelinks, Video, Image, Video Carousel, Popular products, Related searches",transactional,Organic
inline skate store,18,18,50,31,0.25,https://proskatersplace.ca/,0,0,0.00,0.88,6230000,"[11,23,23,41,52,82,52,41,11,11,11,11]",2026-01-09,"Local pack, Sitelinks, Video, Image, Popular products, Related searches",commercial,Organic
inline skate store,86,86,50,31,0.25,https://proskatersplace.ca/categories,0,0,0.00,0.88,6230000,"[11,23,23,41,52,82,52,41,11,11,11,11]",2026-01-09,"Local pack, Sitelinks, Video, Image, Popular products, Related searches",commercial,Organic
fischer skis canada,22,22,110,14,0.49,https://proskatersplace.ca/product/fischer-twin-skin-superior-medium-ifp-nordic-skis,0,0,0.00,1,1400000,"[23,36,23,15,6,2,2,2,6,9,19,19]",2026-02-01,"Sitelinks, Video, Image, Popular products, Related searches","informational, transactional",Organic
pro scooters canada,66,66,110,26,0.20,https://dev.proskatersplace.ca/product-category/scooters,0,0,0.00,1,19500000,"[19,15,23,15,12,12,9,15,19,15,19,12]",2025-12-20,"Local pack, Sitelinks, Video, Image, Popular products, Related searches",commercial,Organic
in line skating,60,60,140,27,0.21,https://proskatersplace.ca/product-category/inline-skates,0,0,0.00,0.94,139000000,"[13,6,8,3,30,5,13,8,10,13,8,8]",2025-12-20,"Knowledge panel, Sitelinks, Video, Image, Video Carousel, People also ask, Related searches","informational, transactional",Organic
skate shops in toronto,33,33,90,50,0.22,https://proskatersplace.ca/,0,0,0.00,0.7,12100000,"[6,3,3,1,0,1,23,0,1,8,6,100]",2025-12-20,"Local pack, Sitelinks, Video, Image, Related searches",commercial,Organic
skate stores toronto,18,18,170,55,0.25,https://proskatersplace.ca/,0,0,0.00,0.83,17500000,"[0,0,0,0,100,35,14,14,54,81,81,66]",2026-01-26,"Local pack, Sitelinks, Image, Related searches",commercial,Organic
nline skates,71,71,90,15,0.21,https://proskatersplace.ca/product-category/scooters,0,0,0.00,0.94,18000000,"[0,0,0,0,0,100,0,0,0,35,54,0]",2025-12-16,"Sitelinks, Video, Image, People also ask, Popular products, Related searches",commercial,Organic
skateshop toronto,47,47,70,51,0.25,https://proskatersplace.ca/,0,0,0.00,0.83,194000,"[0,0,0,36,44,5,4,5,12,1,5,4]",2026-01-17,"Local pack, Sitelinks, Video, Image, Related searches",commercial,Organic
ultra wheels inline skates,56,56,210,22,0.18,https://proskatersplace.ca/product-category/inline-skate-wheels,0,0,0.00,1,1170000,"[19,19,9,36,44,66,29,36,23,29,23,15]",2026-01-10,"Image pack, Sitelinks, Video, Image, People also ask, Popular products, Related searches",commercial,Organic
pro skateboards halifax,43,43,170,38,0.00,https://proskatersplace.ca/categories,0,0,0.00,0.04,22700,"[65,80,80,42,34,53,65,53,80,80,80,65]",2025-12-26,"Knowledge panel, Image pack, Sitelinks, Video, Image, People also ask, Related searches",navigational,Organic
skate pro canada,6,6,70,22,1.67,https://proskatersplace.ca/,0,0,0.00,0.99,19800000,"[28,23,0,6,0,3,11,11,18,11,11,11]",2025-12-19,"Sitelinks, Video, Image, People also ask, Related searches",commercial,Organic
scooters roller skate,15,15,140,30,0.00,https://proskatersplace.ca/blog/roller-skating-toronto-guide,0,0,0.00,0.02,8460000,"[6,6,5,8,10,8,10,8,10,8,4,5]",2025-12-15,"Knowledge panel, Image pack, Sitelinks, Video, Image, Video Carousel, People also ask, Popular products, Related searches",informational,Organic
how to roller,26,26,170,26,0.10,https://proskatersplace.ca/blog/roller-skating-toronto-guide,0,0,0.00,0.12,474000000,"[0,0,0,100,4,66,66,43,35]",2025-12-26,"Sitelinks, Video, Video Carousel, People also ask, Related searches, Discussions and forums, AI overview",informational,Organic
how to roller,55,55,170,26,0.10,https://proskatersplace.ca/blog/how-to-skate-backwards-tutorial,0,0,0.00,0.12,474000000,"[0,0,0,100,4,66,66,43,35]",2025-12-26,"Sitelinks, Video, Video Carousel, People also ask, Related searches, Discussions and forums, AI overview",informational,Organic
skate roller,74,74,110,,0.00,https://proskatersplace.ca/blog/roller-skating-toronto-guide,0,0,0.00,1,36500000,"[52,66,66,66,66,80,66,52,52,66,33,33]",2026-01-04,"Local pack, Image pack, Sitelinks, Video, Image, Video Carousel, Popular products, Related searches",transactional,Organic
roller skate toronto,29,29,260,,0.92,https://proskatersplace.ca/blog/roller-skating-toronto-guide,0,0,0.00,0.09,2110000,"[19,81,100,29,36,36,12,9,19,19,23,23]",2026-01-04,"Local pack, Sitelinks, Video, Image, Related searches",commercial,Organic
roller skate toronto,32,32,260,,0.92,https://proskatersplace.ca/blog/roller-skating-toronto-guide,0,0,0.00,0.09,2110000,"[19,81,100,29,36,36,12,9,19,19,23,23]",2026-01-04,"Local pack, Sitelinks, Video, Image, Related searches",commercial,Organic
roller skate toronto,81,81,260,,0.92,https://proskatersplace.ca/blog/roller-skates-toronto,0,0,0.00,0.09,2110000,"[19,81,100,29,36,36,12,9,19,19,23,23]",2026-01-04,"Local pack, Sitelinks, Video, Image, Related searches",commercial,Organic
good inline skates,33,33,70,17,0.22,https://proskatersplace.ca/blog/best-inline-skates-canada-2025,0,0,0.00,1,16000000,"[14,23,23,52,52,52,52,52,9,9,9,9]",2026-01-18,"Sitelinks, Video, Video Carousel, People also ask, Popular products, Related searches, Discussions and forums",commercial,Organic
shoe grinder,47,47,110,13,0.00,https://proskatersplace.ca/product/grind-shoes,0,0,0.00,0.19,18100000,"[42,66,52,52,52,33,52,33,33,52,42,52]",2026-01-17,"Image pack, Sitelinks, Video, Image, Video Carousel, People also ask, Popular products, Related searches",informational,Organic
gloves with wrist protection,11,11,70,7,0.84,https://proskatersplace.ca/product-category/gloves-wrist-protection,0,0,0.00,1,22000000,"[41,64,82,82,41,23,23,11,23,17,17,23]",2025-12-26,"Image pack, Sitelinks, Video, Image, Video Carousel, People also ask, Popular products, Related searches, Discussions and forums",transactional,Organic
skates inline skates,55,55,1900,17,0.33,https://proskatersplace.ca/blog/best-inline-skates-canada-2025,0,0,0.00,0.9,18100000,"[36,36,43,100,65,43,36,36,36,43,20,20]",2026-02-07,"Sitelinks, Video, Image, People also ask, Popular products, Related searches",commercial,Organic
trick scooter,20,20,480,13,0.36,https://proskatersplace.ca/product-category/trick-scooters,0,0,0.00,1,37200000,"[36,20,8,13,30,55,24,20,36,76,45,36]",2026-02-06,"Image pack, Sitelinks, Video, Image, People also ask, Related searches",informational,Organic
trick scooter,31,31,480,13,0.36,https://proskatersplace.ca/product-category/trick-scooters,0,0,0.00,1,37200000,"[36,20,8,13,30,55,24,20,36,76,45,36]",2026-02-06,"Image pack, Sitelinks, Video, Image, People also ask, Related searches",informational,Organic
roller skating etobicoke,37,37,70,,0.00,https://proskatersplace.ca/,0,0,0.00,0.02,38400,"[42,66,42,42,33,23,9,23,23,23,23,33]",2026-01-27,"Knowledge panel, Sitelinks, Video, Image, People also ask, Related searches",informational,Organic
roller roller skate,57,57,1600,34,0.34,https://proskatersplace.ca/,0,0,0.00,0.98,33500000,"[22,36,20,100,100,43,20,29,13,54,7,10]",2026-01-27,"Local pack, Image pack, Sitelinks, Video, Image, Video Carousel, People also ask, Popular products, Related searches",commercial,Organic
